-- MySQL Script generated by MySQL Workbench
-- Sat Dec 02 16:49:22 2023
-- Model: New Model    Version: 1.0
-- MySQL Workbench Forward Engineering

SET @OLD_UNIQUE_CHECKS=@@UNIQUE_CHECKS, UNIQUE_CHECKS=0;
SET @OLD_FOREIGN_KEY_CHECKS=@@FOREIGN_KEY_CHECKS, FOREIGN_KEY_CHECKS=0;
SET @OLD_SQL_MODE=@@SQL_MODE, SQL_MODE='ONLY_FULL_GROUP_BY,STRICT_TRANS_TABLES,NO_ZERO_IN_DATE,NO_ZERO_DATE,ERROR_FOR_DIVISION_BY_ZERO,NO_ENGINE_SUBSTITUTION';

-- -----------------------------------------------------
-- Schema lab_4
-- -----------------------------------------------------
DROP SCHEMA IF EXISTS `lab_4` ;

-- -----------------------------------------------------
-- Schema lab_4
-- -----------------------------------------------------
CREATE SCHEMA IF NOT EXISTS `lab_4` DEFAULT CHARACTER SET utf8 ;
USE `lab_4` ;

-- -----------------------------------------------------
-- Table `lab_4`.`airline_companies`
-- -----------------------------------------------------
DROP TABLE IF EXISTS `lab_4`.`airline_companies` ;

CREATE TABLE IF NOT EXISTS `lab_4`.`airline_companies` (
  `id` INT NOT NULL,
  `name` VARCHAR(45) NULL,
  `city_id` INT NULL,
  `address_info` VARCHAR(45) NULL,
  `phone_number` VARCHAR(45) NULL,
  PRIMARY KEY (`id`))
ENGINE = InnoDB;

DROP TABLE IF EXISTS `lab_4`.`personal` ;

CREATE TABLE personal (
    `personal_id` INT PRIMARY KEY AUTO_INCREMENT,
    `name` VARCHAR(100) NOT NULL,
    `airport_id` INT,
    FOREIGN KEY (airport_id) REFERENCES airports(airport_id)
) ENGINE = InnoDB;

INSERT INTO personal (name, airport_id) VALUES ('Jone', 34);

DROP TABLE IF EXISTS `lab_4`.`city_personal` ;

CREATE TABLE IF NOT EXISTS `lab_4`.`city_personal` (
    `city_id` INT,
    `region_id` INT,
    `personal_id` INT,
    PRIMARY KEY (`city_id`, `region_id`, `personal_id`),
    CONSTRAINT `fk_city_personal_city`
        FOREIGN KEY (`city_id`, `region_id`)
        REFERENCES `lab_4`.`cities` (`id`, `region_id`)
        ON DELETE CASCADE
        ON UPDATE CASCADE,
    CONSTRAINT `fk_city_personal_personal`
        FOREIGN KEY (`personal_id`)
        REFERENCES `lab_4`.`personal` (`personal_id`)
        ON DELETE CASCADE
        ON UPDATE CASCADE
)
ENGINE = InnoDB;


-- -----------------------------------------------------
-- Table `lab_4`.`airports`
-- -----------------------------------------------------
DROP TABLE IF EXISTS `lab_4`.`airports` ;

CREATE TABLE IF NOT EXISTS `lab_4`.`airports` (
  `airport_id` INT NOT NULL,
  `name_index` VARCHAR(45) NOT NULL,
  `code` VARCHAR(45) NOT NULL,
  `region_id` INT NOT NULL,
  `region_country_id` INT NOT NULL,
  PRIMARY KEY (`airport_id`, `region_id`, `region_country_id`),
  INDEX `name` (`name_index` ASC) VISIBLE,
  INDEX `fk_airport_region1_idx` (`region_id` ASC, `region_country_id` ASC) VISIBLE,
  CONSTRAINT `fk_airport_region1`
    FOREIGN KEY (`region_id` , `region_country_id`)
    REFERENCES `lab_4`.`regions` (`id` , `country_id`)
    ON DELETE NO ACTION
    ON UPDATE NO ACTION)
ENGINE = InnoDB;


-- -----------------------------------------------------
-- Table `lab_4`.`cities`
-- -----------------------------------------------------
DROP TABLE IF EXISTS `lab_4`.`cities` ;

CREATE TABLE IF NOT EXISTS `lab_4`.`cities` (
  `id` INT NOT NULL,
  `name` VARCHAR(45) NOT NULL,
  `region_id` INT NOT NULL,
  PRIMARY KEY (`id`, `region_id`),
  INDEX `fk_city_region_idx` (`region_id` ASC) VISIBLE,
  CONSTRAINT `fk_city_region`
    FOREIGN KEY (`region_id`)
    REFERENCES `lab_4`.`regions` (`id`)
    ON DELETE NO ACTION
    ON UPDATE NO ACTION)
ENGINE = InnoDB;


-- -----------------------------------------------------
-- Table `lab_4`.`countries`
-- -----------------------------------------------------
DROP TABLE IF EXISTS `lab_4`.`countries` ;

CREATE TABLE IF NOT EXISTS `lab_4`.`countries` (
  `id` INT NOT NULL,
  `name` VARCHAR(45) NOT NULL,
  PRIMARY KEY (`id`))
ENGINE = InnoDB;


-- -----------------------------------------------------
-- Table `lab_4`.`flights`
-- -----------------------------------------------------
DROP TABLE IF EXISTS `lab_4`.`flights` ;

CREATE TABLE IF NOT EXISTS `lab_4`.`flights` (
  `id` INT NOT NULL,
  `departure_datetime` DATETIME NOT NULL,
  `arriving_datetime` DATETIME NOT NULL,
  `airport_from` VARCHAR(45) NOT NULL,
  `airport_to` VARCHAR(45) NOT NULL,
  `flight_number` INT NOT NULL,
  `distance` DECIMAL NULL,
  `passengers_list_id` INT NOT NULL,
  `route_points_id` INT NOT NULL,
  `plane_id` INT NOT NULL,
  PRIMARY KEY (`id`, `route_points_id`, `plane_id`),
  INDEX `fk_flights_route_points1_idx` (`route_points_id` ASC) VISIBLE,
  INDEX `fk_flights_plane1_idx` (`plane_id` ASC) VISIBLE,
  CONSTRAINT `fk_flights_route_points1`
    FOREIGN KEY (`route_points_id`)
    REFERENCES `lab_4`.`route_points` (`id`)
    ON DELETE NO ACTION
    ON UPDATE NO ACTION,
  CONSTRAINT `fk_flights_plane1`
    FOREIGN KEY (`plane_id`)
    REFERENCES `lab_4`.`planes` (`id`)
    ON DELETE NO ACTION
    ON UPDATE NO ACTION)
ENGINE = InnoDB;


-- -----------------------------------------------------
-- Table `lab_4`.`flights_have_passengers`
-- -----------------------------------------------------
DROP TABLE IF EXISTS `lab_4`.`flights_have_passengers` ;

CREATE TABLE IF NOT EXISTS `lab_4`.`flights_have_passengers` (
  `flights_id` INT NOT NULL,
  `passengers_id` INT NOT NULL,
  PRIMARY KEY (`flights_id`, `passengers_id`),
  INDEX `fk_flights_has_passengers_passengers1_idx` (`passengers_id` ASC) VISIBLE,
  INDEX `fk_flights_has_passengers_flights1_idx` (`flights_id` ASC) VISIBLE,
  CONSTRAINT `fk_flights_has_passengers_flights1`
    FOREIGN KEY (`flights_id`)
    REFERENCES `lab_4`.`flights` (`id`)
    ON DELETE NO ACTION
    ON UPDATE NO ACTION,
  CONSTRAINT `fk_flights_has_passengers_passengers1`
    FOREIGN KEY (`passengers_id`)
    REFERENCES `lab_4`.`passengers` (`id`)
    ON DELETE NO ACTION
    ON UPDATE NO ACTION)
ENGINE = InnoDB;


-- -----------------------------------------------------
-- Table `lab_4`.`passengers`
-- -----------------------------------------------------
DROP TABLE IF EXISTS `lab_4`.`passengers` ;

CREATE TABLE IF NOT EXISTS `lab_4`.`passengers` (
  `id` INT NOT NULL,
  `name` VARCHAR(45) NOT NULL,
  `surname` VARCHAR(45) NOT NULL,
  `passport_data` VARCHAR(45) NOT NULL,
  `serial_passport_number` INT NOT NULL,
  PRIMARY KEY (`id`),
  INDEX `number` (`serial_passport_number` ASC) VISIBLE)
ENGINE = InnoDB;


-- -----------------------------------------------------
-- Table `lab_4`.`planes`
-- -----------------------------------------------------
DROP TABLE IF EXISTS `lab_4`.`planes` ;

CREATE TABLE IF NOT EXISTS `lab_4`.`planes` (
  `id` INT NOT NULL,
  `model` VARCHAR(45) NULL,
  `total_flight_hours` DECIMAL NULL,
  `serial_number` INT NOT NULL,
  `airline_company_id` INT NOT NULL,
  PRIMARY KEY (`id`, `airline_company_id`),
  INDEX `number` (`serial_number` ASC) VISIBLE,
  INDEX `fk_plane_airline_company1_idx` (`airline_company_id` ASC) VISIBLE,
  CONSTRAINT `fk_plane_airline_company1`
    FOREIGN KEY (`airline_company_id`)
    REFERENCES `lab_4`.`airline_companies` (`id`)
    ON DELETE NO ACTION
    ON UPDATE NO ACTION)
ENGINE = InnoDB;


-- -----------------------------------------------------
-- Table `lab_4`.`regions`
-- -----------------------------------------------------
DROP TABLE IF EXISTS `lab_4`.`regions` ;

CREATE TABLE IF NOT EXISTS `lab_4`.`regions` (
  `id` INT NOT NULL,
  `name` VARCHAR(45) NOT NULL,
  `country_id` INT NOT NULL,
  PRIMARY KEY (`id`, `country_id`),
  INDEX `fk_region_country1_idx` (`country_id` ASC) VISIBLE,
  CONSTRAINT `fk_region_country1`
    FOREIGN KEY (`country_id`)
    REFERENCES `lab_4`.`countries` (`id`)
    ON DELETE NO ACTION
    ON UPDATE NO ACTION)
ENGINE = InnoDB;


-- -----------------------------------------------------
-- Table `lab_4`.`route_points`
-- -----------------------------------------------------
DROP TABLE IF EXISTS `lab_4`.`route_points` ;

CREATE TABLE IF NOT EXISTS `lab_4`.`route_points` (
  `id` INT NOT NULL,
  `flight_id` INT NULL,
  `datetime` DATETIME NULL,
  `longitude_latitude` VARCHAR(45) NULL,
  `latitude` DECIMAL NULL,
  `current_speed` DECIMAL NULL,
  PRIMARY KEY (`id`))
ENGINE = InnoDB;

-- INSERT для таблиці `planes`
INSERT INTO `planes` (`id`, `model`, `total_flight_hours`, `serial_number`, `airline_company_id`) VALUES
(1, 'Model 1', 500, 123456, 1),
(2, 'Model 2', 600, 789012, 2),
(3, 'Model 3', 700, 345678, 1),
(4, 'Model 4', 550, 901234, 3),
(5, 'Model 5', 450, 567890, 2),
(6, 'Model 6', 800, 123789, 3),
(7, 'Model 7', 400, 987654, 1),
(8, 'Model 8', 530, 654321, 2),
(9, 'Model 9', 620, 234567, 3),
(10, 'Model 10', 480, 876543, 1);

-- INSERT для таблиці `regions`
INSERT INTO `regions` (`id`, `name`, `country_id`) VALUES
(1, 'Region 1', 1),
(2, 'Region 2', 2),
(3, 'Region 3', 1),
(4, 'Region 4', 3),
(5, 'Region 5', 2),
(6, 'Region 6', 3),
(7, 'Region 7', 1),
(8, 'Region 8', 2),
(9, 'Region 9', 3),
(10, 'Region 10', 1);

-- INSERT для таблиці `route_points`
INSERT INTO `route_points` (`id`, `flight_id`, `datetime`, `longitude_latitude`, `latitude`, `current_speed`) VALUES
(1, 1, '2023-12-16 08:00:00', '40.7128° N, 74.0060° W', 40.7128, 600),
(2, 1, '2023-12-17 09:30:00', '34.0522° N, 118.2437° W', 34.0522, 550),
(3, 1, '2023-12-18 11:15:00', '41.8781° N, 87.6298° W', 41.8781, 700),
(4, 1, '2023-12-19 12:45:00', '29.7604° N, 95.3698° W', 29.7604, 500),
(5, 1, '2023-12-20 14:20:00', '51.5074° N, 0.1278° W', 51.5074, 650),
(6, 1, '2023-12-21 16:10:00', '48.8566° N, 2.3522° E', 48.8566, 480),
(7, 1, '2023-12-22 17:55:00', '35.6895° N, 139.6917° E', 35.6895, 720),
(8, 1, '2023-12-23 19:30:00', '22.3193° N, 114.1694° E', 22.3193, 600),
(9, 1, '2023-12-24 21:00:00', '37.7749° N, 122.4194° W', 37.7749, 550),
(10, 1, '2023-12-25 22:45:00', '40.4168° N, 3.7038° W', 40.4168, 500);

-- INSERT для таблиці `flights`
INSERT INTO `flights` (`id`, `departure_datetime`, `arriving_datetime`, `airport_from`, `airport_to`, `flight_number`, `distance`, `passengers_list_id`, `route_points_id`, `plane_id`) VALUES
(1, '2023-12-16 08:00:00', '2023-12-16 12:00:00', 'Airport A', 'Airport B', 1001, 1500.00, 1, 1, 1),
(2, '2023-12-17 09:00:00', '2023-12-17 13:00:00', 'Airport B', 'Airport C', 1002, 1800.00, 2, 2, 2),
(3, '2023-12-18 10:00:00', '2023-12-18 14:00:00', 'Airport C', 'Airport D', 1003, 2000.00, 3, 3, 3),
(4, '2023-12-19 11:00:00', '2023-12-19 15:00:00', 'Airport D', 'Airport E', 1004, 1750.00, 4, 4, 4),
(5, '2023-12-20 12:00:00', '2023-12-20 16:00:00', 'Airport E', 'Airport F', 1005, 1900.00, 5, 5, 5),
(6, '2023-12-21 13:00:00', '2023-12-21 17:00:00', 'Airport F', 'Airport G', 1006, 2200.00, 6, 6, 6),
(7, '2023-12-22 14:00:00', '2023-12-22 18:00:00', 'Airport G', 'Airport H', 1007, 1650.00, 7, 7, 7),
(8, '2023-12-23 15:00:00', '2023-12-23 19:00:00', 'Airport H', 'Airport I', 1008, 1950.00, 8, 8, 8),
(9, '2023-12-24 16:00:00', '2023-12-24 20:00:00', 'Airport I', 'Airport J', 1009, 2100.00, 9, 9, 9),
(10, '2023-12-25 17:00:00', '2023-12-25 21:00:00', 'Airport J', 'Airport A', 1010, 1850.00, 10, 10, 10);

-- INSERT для таблиці `flights_have_passengers`
INSERT INTO `flights_have_passengers` (`flights_id`, `passengers_id`) VALUES
(1, 1),
(2, 2),
(3, 3),
(4, 4),
(5, 5),
(6, 6),
(7, 7),
(8, 8),
(9, 9),
(10, 10);

-- INSERT для таблиці `passengers`
INSERT INTO `passengers` (`id`, `name`, `surname`, `passport_data`, `serial_passport_number`) VALUES
(1, 'Passenger1', 'Surname1', 'AB123456', 123456789),
(2, 'Passenger2', 'Surname2', 'CD456789', 987654321),
(3, 'Passenger3', 'Surname3', 'EF789012', 456123789),
(4, 'Passenger4', 'Surname4', 'GH012345', 321654987),
(5, 'Passenger5', 'Surname5', 'IJ234567', 654987321),
(6, 'Passenger6', 'Surname6', 'KL567890', 789321654),
(7, 'Passenger7', 'Surname7', 'MN890123', 963258741),
(8, 'Passenger8', 'Surname8', 'OP345678', 147258369),
(9, 'Passenger9', 'Surname9', 'QR678901', 258369147),
(10, 'Passenger10', 'Surname10', 'ST901234', 369147258);

-- INSERT для таблиці `airports`
INSERT INTO `airports` (`airport_id`, `name_index`, `code`, `region_id`, `region_country_id`) VALUES
(1, 'Airport 1', 'ABC', 1, 1),
(2, 'Airport 2', 'DEF', 2, 2),
(3, 'Airport 3', 'GHI', 3, 3),
(4, 'Airport 4', 'JKL', 4, 4),
(5, 'Airport 5', 'MNO', 5, 5),
(6, 'Airport 6', 'PQR', 6, 6),
(7, 'Airport 7', 'STU', 7, 7),
(8, 'Airport 8', 'VWX', 8, 8),
(9, 'Airport 9', 'YZA', 9, 9),
(10, 'Airport 10', 'BCD', 10, 10);

-- INSERT для таблиці `countries`
INSERT INTO `countries` (`id`, `name`) VALUES
(1, 'Country 1'),
(2, 'Country 2'),
(3, 'Country 3'),
(4, 'Country 4'),
(5, 'Country 5'),
(6, 'Country 6'),
(7, 'Country 7'),
(8, 'Country 8'),
(9, 'Country 9'),
(10, 'Country 10');

-- INSERT для таблиці `cities`
INSERT INTO `cities` (`id`, `name`, `region_id`) VALUES
(1, 'City 1', 1),
(2, 'City 2', 2),
(3, 'City 3', 3),
(4, 'City 4', 4),
(5, 'City 5', 5),
(6, 'City 6', 6),
(7, 'City 7', 7),
(8, 'City 8', 8),
(9, 'City 9', 9),
(10, 'City 10', 10);

-- INSERT для таблиці `airline_companies`
INSERT INTO `airline_companies` (`id`, `name`, `city_id`, `address_info`, `phone_number`) VALUES
(1, 'Company 1', 1, 'Address 1', '123-456-7890'),
(2, 'Company 2', 2, 'Address 2', '234-567-8901'),
(3, 'Company 3', 3, 'Address 3', '345-678-9012'),
(4, 'Company 4', 4, 'Address 4', '456-789-0123'),
(5, 'Company 5', 5, 'Address 5', '567-890-1234'),
(6, 'Company 6', 6, 'Address 6', '678-901-2345'),
(7, 'Company 7', 7, 'Address 7', '789-012-3456'),
(8, 'Company 8', 8, 'Address 8', '890-123-4567'),
(9, 'Company 9', 9, 'Address 9', '901-234-5678'),
(10, 'Company 10', 10, 'Address 10', '012-345-6789');

INSERT INTO `lab_4`.`city_personal` (`city_id`, `region_id`, `personal_id`) VALUES
(1, 1, 1),
(2, 2, 1); 

SELECT * from countries;
SELECT * from cities;
SELECT * from airports;
SELECT * from airline_companies;
SELECT * from regions;
SELECT * from planes;
SELECT * from route_points;
SELECT * from flights;
SELECT * from passengers;
SELECT * from flights_have_passengers;
SELECT * from personal;
SELECT * from city_personal;


SET SQL_MODE=@OLD_SQL_MODE;
SET FOREIGN_KEY_CHECKS=@OLD_FOREIGN_KEY_CHECKS;
SET UNIQUE_CHECKS=@OLD_UNIQUE_CHECKS;
